<?xml version="1.0" encoding="UTF-8"?>
<MD_Metadata xmlns="http://www.isotc211.org/2005/gmd" xmlns:gco="http://www.isotc211.org/2005/gco" xmlns:gts="http://www.isotc211.org/2005/gts" xmlns:srv="http://www.isotc211.org/2005/srv" xmlns:gml="http://www.opengis.net/gml" xmlns:xlink="http://www.w3.org/1999/xlink" xmlns:xsi="http://www.w3.org/2001/XMLSchema-instance">
  <fileIdentifier>
    <gco:CharacterString>edu.stanford.purl:jb752mv4420</gco:CharacterString>
  </fileIdentifier>
  <language>
    <LanguageCode codeList="http://www.loc.gov/standards/iso639-2/php/code_list.php" codeListValue="eng" codeSpace="ISO639-2">eng</LanguageCode>
  </language>
  <characterSet>
    <MD_CharacterSetCode codeList="http://www.isotc211.org/2005/resources/Codelist/gmxCodelists.xml#MD_CharacterSetCode" codeListValue="utf8" codeSpace="ISOTC211/19115">utf8</MD_CharacterSetCode>
  </characterSet>
  <parentIdentifier>
    <gco:CharacterString>http://purl.stanford.edu/fb282pw3043.mods</gco:CharacterString>
  </parentIdentifier>
  <hierarchyLevel>
    <MD_ScopeCode codeList="http://www.isotc211.org/2005/resources/Codelist/gmxCodelists.xml#MD_ScopeCode" codeListValue="dataset" codeSpace="ISOTC211/19115">dataset</MD_ScopeCode>
  </hierarchyLevel>
  <hierarchyLevelName>
    <gco:CharacterString>dataset</gco:CharacterString>
  </hierarchyLevelName>
  <contact>
    <CI_ResponsibleParty>
      <individualName>
        <gco:CharacterString>Patterson, Will</gco:CharacterString>
      </individualName>
      <organisationName>
        <gco:CharacterString>California. Department of Fish and Wildlife</gco:CharacterString>
      </organisationName>
      <positionName>
        <gco:CharacterString>GIS Specialist/Data Manager</gco:CharacterString>
      </positionName>
      <contactInfo>
        <CI_Contact>
          <phone>
            <CI_Telephone>
              <voice>
                <gco:CharacterString>916-323-1484</gco:CharacterString>
              </voice>
            </CI_Telephone>
          </phone>
          <address>
            <CI_Address>
              <deliveryPoint>
                <gco:CharacterString>1807 13th St., Ste. 202</gco:CharacterString>
              </deliveryPoint>
              <city>
                <gco:CharacterString>Sacramento</gco:CharacterString>
              </city>
              <administrativeArea>
                <gco:CharacterString>CA</gco:CharacterString>
              </administrativeArea>
              <postalCode>
                <gco:CharacterString>95811</gco:CharacterString>
              </postalCode>
              <country>
                <gco:CharacterString>US</gco:CharacterString>
              </country>
              <electronicMailAddress>
                <gco:CharacterString>Will.Patterson@wildlife.ca.gov</gco:CharacterString>
              </electronicMailAddress>
              <electronicMailAddress>
                <gco:CharacterString>bdb@wildlife.ca.gov</gco:CharacterString>
              </electronicMailAddress>
            </CI_Address>
          </address>
          <contactInstructions>
            <gco:CharacterString>Email is preferred contact method.</gco:CharacterString>
          </contactInstructions>
        </CI_Contact>
      </contactInfo>
      <role>
        <CI_RoleCode codeList="http://www.isotc211.org/2005/resources/Codelist/gmxCodelists.xml#CI_RoleCode" codeListValue="pointOfContact" codeSpace="ISOTC211/19115">pointOfContact</CI_RoleCode>
      </role>
    </CI_ResponsibleParty>
  </contact>
  <dateStamp>
    <gco:Date>2015-07-07</gco:Date>
  </dateStamp>
  <metadataStandardName>
    <gco:CharacterString>ISO 19139 Geographic Information - Metadata - Implementation Specification</gco:CharacterString>
  </metadataStandardName>
  <metadataStandardVersion>
    <gco:CharacterString>2007</gco:CharacterString>
  </metadataStandardVersion>
  <dataSetURI>
    <gco:CharacterString>http://purl.stanford.edu/jb752mv4420</gco:CharacterString>
  </dataSetURI>
  <spatialRepresentationInfo>
    <MD_Georectified>
      <numberOfDimensions>
        <gco:Integer>2</gco:Integer>
      </numberOfDimensions>
      <axisDimensionProperties>
        <MD_Dimension>
          <dimensionName>
            <MD_DimensionNameTypeCode codeList="http://www.isotc211.org/2005/resources/Codelist/gmxCodelists.xml#MD_DimensionNameTypeCode" codeListValue="column" codeSpace="ISOTC211/19115">column</MD_DimensionNameTypeCode>
          </dimensionName>
          <dimensionSize>
            <gco:Integer>1189</gco:Integer>
          </dimensionSize>
          <resolution>
            <gco:Measure uom="Meter">832.008399</gco:Measure>
          </resolution>
        </MD_Dimension>
      </axisDimensionProperties>
      <axisDimensionProperties>
        <MD_Dimension>
          <dimensionName>
            <MD_DimensionNameTypeCode codeList="http://www.isotc211.org/2005/resources/Codelist/gmxCodelists.xml#MD_DimensionNameTypeCode" codeListValue="row" codeSpace="ISOTC211/19115">row</MD_DimensionNameTypeCode>
          </dimensionName>
          <dimensionSize>
            <gco:Integer>1305</gco:Integer>
          </dimensionSize>
          <resolution>
            <gco:Measure uom="Meter">832.008399</gco:Measure>
          </resolution>
        </MD_Dimension>
      </axisDimensionProperties>
      <cellGeometry>
        <MD_CellGeometryCode codeList="http://www.isotc211.org/2005/resources/Codelist/gmxCodelists.xml#MD_CellGeometryCode" codeListValue="area" codeSpace="ISOTC211/19115">area</MD_CellGeometryCode>
      </cellGeometry>
      <transformationParameterAvailability>
        <gco:Boolean>true</gco:Boolean>
      </transformationParameterAvailability>
      <checkPointAvailability>
        <gco:Boolean>false</gco:Boolean>
      </checkPointAvailability>
      <cornerPoints>
        <gml:Point gml:id="idp142480">
          <gml:pos>-430148.342540 -623174.291223</gml:pos>
        </gml:Point>
      </cornerPoints>
      <cornerPoints>
        <gml:Point gml:id="idp143488">
          <gml:pos>-430148.342540 462596.670120</gml:pos>
        </gml:Point>
      </cornerPoints>
      <cornerPoints>
        <gml:Point gml:id="idp144496">
          <gml:pos>559109.644462 462596.670120</gml:pos>
        </gml:Point>
      </cornerPoints>
      <cornerPoints>
        <gml:Point gml:id="idp145504">
          <gml:pos>559109.644462 -623174.291223</gml:pos>
        </gml:Point>
      </cornerPoints>
      <centerPoint>
        <gml:Point gml:id="idp146512">
          <gml:pos>64480.650961 -80288.810551</gml:pos>
        </gml:Point>
      </centerPoint>
      <pointInPixel>
        <MD_PixelOrientationCode>center</MD_PixelOrientationCode>
      </pointInPixel>
    </MD_Georectified>
  </spatialRepresentationInfo>
  <referenceSystemInfo>
    <MD_ReferenceSystem>
      <referenceSystemIdentifier>
        <RS_Identifier>
          <code>
            <gco:CharacterString>3310</gco:CharacterString>
          </code>
          <codeSpace>
            <gco:CharacterString>EPSG</gco:CharacterString>
          </codeSpace>
          <version>
            <gco:CharacterString>8.2.6</gco:CharacterString>
          </version>
        </RS_Identifier>
      </referenceSystemIdentifier>
    </MD_ReferenceSystem>
  </referenceSystemInfo>
  <identificationInfo>
    <MD_DataIdentification>
      <citation>
        <CI_Citation>
          <title>
            <gco:CharacterString>Average Monthly Precipitation for April (Inches): California, 1981-2010 (800m)</gco:CharacterString>
          </title>
          <date>
            <CI_Date>
              <date>
                <gco:Date>2007-03-01</gco:Date>
              </date>
              <dateType>
                <CI_DateTypeCode codeList="http://www.isotc211.org/2005/resources/Codelist/gmxCodelists.xml#CI_DateTypeCode" codeListValue="publication" codeSpace="ISOTC211/19115">publication</CI_DateTypeCode>
              </dateType>
            </CI_Date>
          </date>
          <identifier>
            <MD_Identifier>
              <code>
                <gco:CharacterString>http://purl.stanford.edu/jb752mv4420</gco:CharacterString>
              </code>
            </MD_Identifier>
          </identifier>
          <citedResponsibleParty>
            <CI_ResponsibleParty>
              <individualName>
                <gco:CharacterString>Daly, Chris</gco:CharacterString>
              </individualName>
              <organisationName>
                <gco:CharacterString>Oregon State University</gco:CharacterString>
              </organisationName>
              <positionName>
                <gco:CharacterString>Senior Research Professor</gco:CharacterString>
              </positionName>
              <contactInfo>
                <CI_Contact>
                  <phone>
                    <CI_Telephone>
                      <voice>
                        <gco:CharacterString>541-737-2531</gco:CharacterString>
                      </voice>
                    </CI_Telephone>
                  </phone>
                  <address>
                    <CI_Address>
                      <deliveryPoint>
                        <gco:CharacterString>103 Gleeson Hall</gco:CharacterString>
                      </deliveryPoint>
                      <city>
                        <gco:CharacterString>Corvallis</gco:CharacterString>
                      </city>
                      <administrativeArea>
                        <gco:CharacterString>OR</gco:CharacterString>
                      </administrativeArea>
                      <postalCode>
                        <gco:CharacterString>97331</gco:CharacterString>
                      </postalCode>
                      <country>
                        <gco:CharacterString>US</gco:CharacterString>
                      </country>
                      <electronicMailAddress>
                        <gco:CharacterString>chris.daly@oregonstate.edu</gco:CharacterString>
                      </electronicMailAddress>
                    </CI_Address>
                  </address>
                </CI_Contact>
              </contactInfo>
              <role>
                <CI_RoleCode codeList="http://www.isotc211.org/2005/resources/Codelist/gmxCodelists.xml#CI_RoleCode" codeListValue="originator" codeSpace="ISOTC211/19115">originator</CI_RoleCode>
              </role>
            </CI_ResponsibleParty>
          </citedResponsibleParty>
          <citedResponsibleParty>
            <CI_ResponsibleParty>
              <individualName>
                <gco:CharacterString>Taylor, George</gco:CharacterString>
              </individualName>
              <organisationName>
                <gco:CharacterString>Oregon Climate Service</gco:CharacterString>
              </organisationName>
              <positionName>
                <gco:CharacterString>Manager</gco:CharacterString>
              </positionName>
              <contactInfo>
                <CI_Contact>
                  <contactInstructions>
                    <gco:CharacterString>George Taylor retired from his position as Manager of the Oregon Climate Service at Oregon State University in May 2008. He is currently the President of Applied Climate Services of Corvallis, Oregon, online at http://www.appliedclimate.net.</gco:CharacterString>
                  </contactInstructions>
                </CI_Contact>
              </contactInfo>
              <role>
                <CI_RoleCode codeList="http://www.isotc211.org/2005/resources/Codelist/gmxCodelists.xml#CI_RoleCode" codeListValue="originator" codeSpace="ISOTC211/19115">originator</CI_RoleCode>
              </role>
            </CI_ResponsibleParty>
          </citedResponsibleParty>
          <citedResponsibleParty>
            <CI_ResponsibleParty>
              <organisationName>
                <gco:CharacterString>National Climatic Data Center (U.S.)</gco:CharacterString>
              </organisationName>
              <contactInfo>
                <CI_Contact>
                  <address>
                    <CI_Address>
                      <city>
                        <gco:CharacterString>Asheville</gco:CharacterString>
                      </city>
                      <administrativeArea>
                        <gco:CharacterString>NC</gco:CharacterString>
                      </administrativeArea>
                    </CI_Address>
                  </address>
                </CI_Contact>
              </contactInfo>
              <role>
                <CI_RoleCode codeList="http://www.isotc211.org/2005/resources/Codelist/gmxCodelists.xml#CI_RoleCode" codeListValue="originator" codeSpace="ISOTC211/19115">originator</CI_RoleCode>
              </role>
            </CI_ResponsibleParty>
          </citedResponsibleParty>
          <citedResponsibleParty>
            <CI_ResponsibleParty>
              <organisationName>
                <gco:CharacterString>National Water and Climate Center (U.S.)</gco:CharacterString>
              </organisationName>
              <role>
                <CI_RoleCode codeList="http://www.isotc211.org/2005/resources/Codelist/gmxCodelists.xml#CI_RoleCode" codeListValue="originator" codeSpace="ISOTC211/19115">originator</CI_RoleCode>
              </role>
            </CI_ResponsibleParty>
          </citedResponsibleParty>
          <citedResponsibleParty>
            <CI_ResponsibleParty>
              <organisationName>
                <gco:CharacterString>United States. Defense Mapping Agency</gco:CharacterString>
              </organisationName>
              <role>
                <CI_RoleCode codeList="http://www.isotc211.org/2005/resources/Codelist/gmxCodelists.xml#CI_RoleCode" codeListValue="originator" codeSpace="ISOTC211/19115">originator</CI_RoleCode>
              </role>
            </CI_ResponsibleParty>
          </citedResponsibleParty>
          <citedResponsibleParty>
            <CI_ResponsibleParty>
              <individualName>
                <gco:CharacterString>Patterson, Will</gco:CharacterString>
              </individualName>
              <organisationName>
                <gco:CharacterString>California. Department of Fish and Wildlife</gco:CharacterString>
              </organisationName>
              <positionName>
                <gco:CharacterString>GIS Specialist/Data Manager</gco:CharacterString>
              </positionName>
              <contactInfo>
                <CI_Contact>
                  <phone>
                    <CI_Telephone>
                      <voice>
                        <gco:CharacterString>916-323-1484</gco:CharacterString>
                      </voice>
                    </CI_Telephone>
                  </phone>
                  <address>
                    <CI_Address>
                      <deliveryPoint>
                        <gco:CharacterString>1807 13th St., Ste. 202</gco:CharacterString>
                      </deliveryPoint>
                      <city>
                        <gco:CharacterString>Sacramento</gco:CharacterString>
                      </city>
                      <administrativeArea>
                        <gco:CharacterString>CA</gco:CharacterString>
                      </administrativeArea>
                      <postalCode>
                        <gco:CharacterString>95811</gco:CharacterString>
                      </postalCode>
                      <country>
                        <gco:CharacterString>US</gco:CharacterString>
                      </country>
                      <electronicMailAddress>
                        <gco:CharacterString>Will.Patterson@wildlife.ca.gov</gco:CharacterString>
                      </electronicMailAddress>
                      <electronicMailAddress>
                        <gco:CharacterString>bdb@wildlife.ca.gov</gco:CharacterString>
                      </electronicMailAddress>
                    </CI_Address>
                  </address>
                  <contactInstructions>
                    <gco:CharacterString>Email is preferred contact method.</gco:CharacterString>
                  </contactInstructions>
                </CI_Contact>
              </contactInfo>
              <role>
                <CI_RoleCode codeList="http://www.isotc211.org/2005/resources/Codelist/gmxCodelists.xml#CI_RoleCode" codeListValue="originator" codeSpace="ISOTC211/19115">originator</CI_RoleCode>
              </role>
            </CI_ResponsibleParty>
          </citedResponsibleParty>
          <presentationForm>
            <CI_PresentationFormCode codeList="http://www.isotc211.org/2005/resources/Codelist/gmxCodelists.xml#CI_PresentationFormCode" codeListValue="mapDigital" codeSpace="ISOTC211/19115">mapDigital</CI_PresentationFormCode>
          </presentationForm>
          <collectiveTitle>
            <gco:CharacterString>California Department of Fish and Wildlife GIS Maps and Data</gco:CharacterString>
          </collectiveTitle>
        </CI_Citation>
      </citation>
      <abstract>
        <gco:CharacterString>This raster layer contains the average monthly precipitation levels in inches for April 1981-2010. This dataset incorporates a conceptual framework that uniquely addresses the spatial scale and pattern of orographic precipitation. The original PRISM dataset covered the United States. This is a California-only version subsetted from the original data set and converted to California Teale Albers NAD83 using bilinear interpolation by the California Department of Fish and Game (CDFG) at 800m resolution. The grid units are presented in inches with floating point. Care should be taken in estimating precipitation values at any single point on the map. Precipitation estimated for each grid cell is an average over the entire area of that cell; thus, point precipitation can be estimated at a spatial precision no better than half the resolution of a cell. Accuracy of this data set is based on the original specification of the Defense Mapping Agency (DMA) 1 degree digital elevation models (DEMs). The stated accuracy of the original DEMs is 130m circular error with 90% probability. </gco:CharacterString>
      </abstract>
      <purpose>
        <gco:CharacterString>The Parameter-elevation Regressions on Independent Slopes Model (PRISM) Climate Group works on a range of projects, some of which support the development of spatial climate datasets. These PRISM datasets provide estimates of the basic climate element of precipitation (ppt), or the Daily total precipitation averaged over a month for both rain and melted snow. These datasets are modeled with PRISM using a digital elevation model (DEM) as the predictor grid and provide baselines describing average monthly precipitation between 1981 and 2000 to be used for display and/or analyses requiring spatially distributed monthly or annual precipitation. Grids were modeled on a monthly basis. Annual grids were produced by averaging (temperatures) or summing (precipitation) the monthly grids.</gco:CharacterString>
      </purpose>
      <credit>
        <gco:CharacterString>California Department of Fish and Wildlife. (2007). Average Monthly Precipitation for April: California, 1981-2010 (800m). California Department of Fish and Wildlife. Available at: http://purl.stanford.edu/jb752mv4420</gco:CharacterString>
      </credit>
      <pointOfContact>
        <CI_ResponsibleParty>
          <individualName>
            <gco:CharacterString>Daly, Chris</gco:CharacterString>
          </individualName>
          <organisationName>
            <gco:CharacterString>Oregon State University</gco:CharacterString>
          </organisationName>
          <positionName>
            <gco:CharacterString>Senior Research Professor</gco:CharacterString>
          </positionName>
          <contactInfo>
            <CI_Contact>
              <phone>
                <CI_Telephone>
                  <voice>
                    <gco:CharacterString>541-737-2531</gco:CharacterString>
                  </voice>
                </CI_Telephone>
              </phone>
              <address>
                <CI_Address>
                  <deliveryPoint>
                    <gco:CharacterString>103 Gleeson Hall</gco:CharacterString>
                  </deliveryPoint>
                  <city>
                    <gco:CharacterString>Corvallis</gco:CharacterString>
                  </city>
                  <administrativeArea>
                    <gco:CharacterString>OR</gco:CharacterString>
                  </administrativeArea>
                  <postalCode>
                    <gco:CharacterString>97331</gco:CharacterString>
                  </postalCode>
                  <country>
                    <gco:CharacterString>US</gco:CharacterString>
                  </country>
                  <electronicMailAddress>
                    <gco:CharacterString>chris.day@oregonstate.edu</gco:CharacterString>
                  </electronicMailAddress>
                </CI_Address>
              </address>
            </CI_Contact>
          </contactInfo>
          <role>
            <CI_RoleCode codeList="http://www.isotc211.org/2005/resources/Codelist/gmxCodelists.xml#CI_RoleCode" codeListValue="pointOfContact" codeSpace="ISOTC211/19115">pointOfContact</CI_RoleCode>
          </role>
        </CI_ResponsibleParty>
      </pointOfContact>
      <pointOfContact>
        <CI_ResponsibleParty>
          <individualName>
            <gco:CharacterString>Taylor, George</gco:CharacterString>
          </individualName>
          <organisationName>
            <gco:CharacterString>Oregon Climate Service</gco:CharacterString>
          </organisationName>
          <positionName>
            <gco:CharacterString>Manager</gco:CharacterString>
          </positionName>
          <contactInfo>
            <CI_Contact>
              <contactInstructions>
                <gco:CharacterString>George Taylor retired from his position as Manager of the Oregon Climate Service at Oregon State University in May 2008. He is currently the President of Applied Climate Services of Corvallis, Oregon, online at http://www.appliedclimate.net.</gco:CharacterString>
              </contactInstructions>
            </CI_Contact>
          </contactInfo>
          <role>
            <CI_RoleCode codeList="http://www.isotc211.org/2005/resources/Codelist/gmxCodelists.xml#CI_RoleCode" codeListValue="pointOfContact" codeSpace="ISOTC211/19115">pointOfContact</CI_RoleCode>
          </role>
        </CI_ResponsibleParty>
      </pointOfContact>
      <pointOfContact>
        <CI_ResponsibleParty>
          <individualName>
            <gco:CharacterString>Patterson, Will</gco:CharacterString>
          </individualName>
          <organisationName>
            <gco:CharacterString>California. Department of Fish and Wildlife</gco:CharacterString>
          </organisationName>
          <positionName>
            <gco:CharacterString>GIS Specialist/Data Manager</gco:CharacterString>
          </positionName>
          <contactInfo>
            <CI_Contact>
              <phone>
                <CI_Telephone>
                  <voice>
                    <gco:CharacterString>916-323-1484</gco:CharacterString>
                  </voice>
                </CI_Telephone>
              </phone>
              <address>
                <CI_Address>
                  <deliveryPoint>
                    <gco:CharacterString>1807 13th St., Ste. 202</gco:CharacterString>
                  </deliveryPoint>
                  <city>
                    <gco:CharacterString>Sacramento</gco:CharacterString>
                  </city>
                  <administrativeArea>
                    <gco:CharacterString>CA</gco:CharacterString>
                  </administrativeArea>
                  <postalCode>
                    <gco:CharacterString>95811</gco:CharacterString>
                  </postalCode>
                  <country>
                    <gco:CharacterString>US</gco:CharacterString>
                  </country>
                  <electronicMailAddress>
                    <gco:CharacterString>Will.Patterson@wildlife.ca.gov</gco:CharacterString>
                  </electronicMailAddress>
                  <electronicMailAddress>
                    <gco:CharacterString>bdb@wildlife.ca.gov</gco:CharacterString>
                  </electronicMailAddress>
                </CI_Address>
              </address>
              <contactInstructions>
                <gco:CharacterString>Email is preferred contact method.</gco:CharacterString>
              </contactInstructions>
            </CI_Contact>
          </contactInfo>
          <role>
            <CI_RoleCode codeList="http://www.isotc211.org/2005/resources/Codelist/gmxCodelists.xml#CI_RoleCode" codeListValue="pointOfContact" codeSpace="ISOTC211/19115">pointOfContact</CI_RoleCode>
          </role>
        </CI_ResponsibleParty>
      </pointOfContact>
      <descriptiveKeywords>
        <MD_Keywords>
          <keyword>
            <gco:CharacterString>California</gco:CharacterString>
          </keyword>
          <type>
            <MD_KeywordTypeCode codeList="http://www.isotc211.org/2005/resources/Codelist/gmxCodelists.xml#MD_KeywordTypeCode" codeListValue="place" codeSpace="ISOTC211/19115">place</MD_KeywordTypeCode>
          </type>
          <thesaurusName>
            <CI_Citation>
              <title>
                <gco:CharacterString>geonames</gco:CharacterString>
              </title>
              <date>
                <CI_Date>
                  <date>
                    <gco:Date>2012-11-01</gco:Date>
                  </date>
                  <dateType>
                    <CI_DateTypeCode codeList="http://www.isotc211.org/2005/resources/Codelist/gmxCodelists.xml#CI_DateTypeCode" codeListValue="revision" codeSpace="ISOTC211/19115">revision</CI_DateTypeCode>
                  </dateType>
                </CI_Date>
              </date>
              <identifier>
                <MD_Identifier>
                  <code>
                    <gco:CharacterString>http://www.geonames.org/ontology#</gco:CharacterString>
                  </code>
                </MD_Identifier>
              </identifier>
            </CI_Citation>
          </thesaurusName>
        </MD_Keywords>
      </descriptiveKeywords>
      <descriptiveKeywords>
        <MD_Keywords>
          <keyword>
            <gco:CharacterString>1981-2010</gco:CharacterString>
          </keyword>
          <type>
            <MD_KeywordTypeCode codeList="http://www.isotc211.org/2005/resources/Codelist/gmxCodelists.xml#MD_KeywordTypeCode" codeListValue="temporal" codeSpace="ISOTC211/19115">temporal</MD_KeywordTypeCode>
          </type>
        </MD_Keywords>
      </descriptiveKeywords>
      <descriptiveKeywords>
        <MD_Keywords>
          <keyword>
            <gco:CharacterString>Climate</gco:CharacterString>
          </keyword>
          <keyword>
            <gco:CharacterString>Precipitation normals</gco:CharacterString>
          </keyword>
          <keyword>
            <gco:CharacterString>Rain and rainfall</gco:CharacterString>
          </keyword>
          <keyword>
            <gco:CharacterString>Digital elevation models</gco:CharacterString>
          </keyword>
          <type>
            <MD_KeywordTypeCode codeList="http://www.isotc211.org/2005/resources/Codelist/gmxCodelists.xml#MD_KeywordTypeCode" codeListValue="theme" codeSpace="ISOTC211/19115">theme</MD_KeywordTypeCode>
          </type>
          <thesaurusName>
            <CI_Citation>
              <title>
                <gco:CharacterString>lcsh</gco:CharacterString>
              </title>
              <date>
                <CI_Date>
                  <date>
                    <gco:Date>2011-04-26</gco:Date>
                  </date>
                  <dateType>
                    <CI_DateTypeCode codeList="http://www.isotc211.org/2005/resources/Codelist/gmxCodelists.xml#CI_DateTypeCode" codeListValue="revision" codeSpace="ISOTC211/19115">revision</CI_DateTypeCode>
                  </dateType>
                </CI_Date>
              </date>
              <identifier>
                <MD_Identifier>
                  <code>
                    <gco:CharacterString>http://id.loc.gov/authorities/subjects.html</gco:CharacterString>
                  </code>
                </MD_Identifier>
              </identifier>
            </CI_Citation>
          </thesaurusName>
        </MD_Keywords>
      </descriptiveKeywords>
      <descriptiveKeywords>
        <MD_Keywords>
          <keyword>
            <gco:CharacterString>Downloadable Data</gco:CharacterString>
          </keyword>
          <thesaurusName uuidref="723f6998-058e-11dc-8314-0800200c9a66"/>
        </MD_Keywords>
      </descriptiveKeywords>
      <resourceConstraints>
        <MD_LegalConstraints>
          <useConstraints>
            <MD_RestrictionCode codeList="http://www.isotc211.org/2005/resources/Codelist/gmxCodelists.xml#MD_RestrictionCode" codeListValue="otherRestrictions" codeSpace="ISOTC211/19115">otherRestrictions</MD_RestrictionCode>
          </useConstraints>
          <otherConstraints>
            <gco:CharacterString>No restrictions on access or use. Please cite the authors when possible.</gco:CharacterString>
          </otherConstraints>
        </MD_LegalConstraints>
      </resourceConstraints>
      <aggregationInfo>
        <MD_AggregateInformation>
          <aggregateDataSetName>
            <CI_Citation>
              <title>
                <gco:CharacterString>California Department of Fish and Wildlife GIS Maps and Data</gco:CharacterString>
              </title>
              <date>
                <CI_Date>
                  <date>
                    <gco:Date>2000-01-01</gco:Date>
                  </date>
                  <dateType>
                    <CI_DateTypeCode codeList="http://www.isotc211.org/2005/resources/Codelist/gmxCodelists.xml#CI_DateTypeCode" codeListValue="publication" codeSpace="ISOTC211/19115">publication</CI_DateTypeCode>
                  </dateType>
                </CI_Date>
              </date>
              <identifier>
                <MD_Identifier>
                  <code>
                    <gco:CharacterString>http://purl.stanford.edu/fb282pw3043</gco:CharacterString>
                  </code>
                </MD_Identifier>
              </identifier>
            </CI_Citation>
          </aggregateDataSetName>
          <associationType>
            <DS_AssociationTypeCode codeList="http://www.isotc211.org/2005/resources/Codelist/gmxCodelists.xml#DS_AssociationTypeCode" codeListValue="largerWorkCitation" codeSpace="ISOTC211/19115">largerWorkCitation</DS_AssociationTypeCode>
          </associationType>
          <initiativeType>
            <DS_InitiativeTypeCode codeList="http://www.isotc211.org/2005/resources/Codelist/gmxCodelists.xml#DS_InitiativeTypeCode" codeListValue="collection" codeSpace="ISOTC211/19115">collection</DS_InitiativeTypeCode>
          </initiativeType>
        </MD_AggregateInformation>
      </aggregationInfo>
      <spatialRepresentationType>
        <MD_SpatialRepresentationTypeCode codeList="http://www.isotc211.org/2005/resources/Codelist/gmxCodelists.xml#MD_SpatialRepresentationTypeCode" codeListValue="grid" codeSpace="ISOTC211/19115">grid</MD_SpatialRepresentationTypeCode>
      </spatialRepresentationType>
      <language>
        <LanguageCode codeList="http://www.loc.gov/standards/iso639-2/php/code_list.php" codeListValue="eng" codeSpace="ISO639-2">eng</LanguageCode>
      </language>
      <characterSet>
        <MD_CharacterSetCode codeList="http://www.isotc211.org/2005/resources/Codelist/gmxCodelists.xml#MD_CharacterSetCode" codeListValue="utf8" codeSpace="ISOTC211/19115">utf8</MD_CharacterSetCode>
      </characterSet>
      <topicCategory>
        <MD_TopicCategoryCode>climatologyMeteorologyAtmosphere</MD_TopicCategoryCode>
      </topicCategory>
      <topicCategory>
        <MD_TopicCategoryCode>elevation</MD_TopicCategoryCode>
      </topicCategory>
      <topicCategory>
        <MD_TopicCategoryCode>imageryBaseMapsEarthCover</MD_TopicCategoryCode>
      </topicCategory>
      <environmentDescription>
        <gco:CharacterString>Microsoft Windows 7 Version 6.1 (Build 7601) Service Pack 1; Esri ArcGIS 10.2.2.3552</gco:CharacterString>
      </environmentDescription>
      <extent>
        <EX_Extent>
          <description>
            <gco:CharacterString>ground condition</gco:CharacterString>
          </description>
          <temporalElement>
            <EX_TemporalExtent>
              <extent>
                <gml:TimePeriod gml:id="idp46080">
                  <gml:beginPosition>1981-01-01T00:00:00</gml:beginPosition>
                  <gml:endPosition>2010-12-31T00:00:00</gml:endPosition>
                </gml:TimePeriod>
              </extent>
            </EX_TemporalExtent>
          </temporalElement>
        </EX_Extent>
      </extent>
      <extent>
        <EX_Extent>
          <geographicElement>
            <EX_GeographicBoundingBox>
              <extentTypeCode>
                <gco:Boolean>true</gco:Boolean>
              </extentTypeCode>
              <westBoundLongitude>
                <gco:Decimal>-125.189867</gco:Decimal>
              </westBoundLongitude>
              <eastBoundLongitude>
                <gco:Decimal>-113.258813</gco:Decimal>
              </eastBoundLongitude>
              <southBoundLatitude>
                <gco:Decimal>32.244744</gco:Decimal>
              </southBoundLatitude>
              <northBoundLatitude>
                <gco:Decimal>42.181948</gco:Decimal>
              </northBoundLatitude>
            </EX_GeographicBoundingBox>
          </geographicElement>
        </EX_Extent>
      </extent>
      <supplementalInformation>
        <gco:CharacterString>There are many methods of interpolating precipitation from monitoring stations to grid points. Some provide estimates of acceptable accuracy in flat terrain, but few have been able to adequately explain the extreme, complex variations in precipitation that occur in mountainous regions. Significant progress in this area has been achieved through the development of PRISM (Parameter-elevation Regressions on Independent Slopes Model). PRISM is an analytical model that uses point data and a digital elevation model (DEM) to generate gridded estimates of monthly and annual precipitation (as well as other climatic parameters). PRISM is well suited to regions with mountainous terrain, because it incorporates a conceptual framework that addresses the spatial scale and pattern of orographic precipitation.</gco:CharacterString>
      </supplementalInformation>
    </MD_DataIdentification>
  </identificationInfo>
  <contentInfo>
    <MD_ImageDescription>
      <attributeDescription gco:nilReason="missing"/>
      <contentType>
        <MD_CoverageContentTypeCode codeList="http://www.isotc211.org/2005/resources/Codelist/gmxCodelists.xml#MD_CoverageContentTypeCode" codeListValue="physicalMeasurement" codeSpace="ISOTC211/19115">physicalMeasurement</MD_CoverageContentTypeCode>
      </contentType>
      <dimension>
        <MD_Band>
          <descriptor>
            <gco:CharacterString>cp8110if_04</gco:CharacterString>
          </descriptor>
          <maxValue>
            <gco:Real>13.392229</gco:Real>
          </maxValue>
          <minValue>
            <gco:Real>0.026366</gco:Real>
          </minValue>
          <units>
            <gml:UnitDefinition gml:id="idp150176">
              <gml:identifier codeSpace="GML_UomSymbol">Unified Code of Units of Measure</gml:identifier>
            </gml:UnitDefinition>
          </units>
          <bitsPerValue>
            <gco:Integer>32</gco:Integer>
          </bitsPerValue>
        </MD_Band>
      </dimension>
    </MD_ImageDescription>
  </contentInfo>
  <distributionInfo>
    <MD_Distribution>
      <distributionFormat>
        <MD_Format>
          <name>
            <gco:CharacterString>Arc/Info Binary Grid</gco:CharacterString>
          </name>
          <version gco:nilReason="missing"/>
        </MD_Format>
      </distributionFormat>
      <distributor>
        <MD_Distributor>
          <distributorContact>
            <CI_ResponsibleParty>
              <organisationName>
                <gco:CharacterString>Stanford Geospatial Center</gco:CharacterString>
              </organisationName>
              <contactInfo>
                <CI_Contact>
                  <phone>
                    <CI_Telephone>
                      <voice>
                        <gco:CharacterString>650-723-2746</gco:CharacterString>
                      </voice>
                    </CI_Telephone>
                  </phone>
                  <address>
                    <CI_Address>
                      <deliveryPoint>
                        <gco:CharacterString>Branner Earth Sciences Library</gco:CharacterString>
                      </deliveryPoint>
                      <deliveryPoint>
                        <gco:CharacterString>Mitchell Building, 2nd Floor</gco:CharacterString>
                      </deliveryPoint>
                      <deliveryPoint>
                        <gco:CharacterString>397 Panama Mall</gco:CharacterString>
                      </deliveryPoint>
                      <city>
                        <gco:CharacterString>Stanford</gco:CharacterString>
                      </city>
                      <administrativeArea>
                        <gco:CharacterString>California</gco:CharacterString>
                      </administrativeArea>
                      <postalCode>
                        <gco:CharacterString>94305</gco:CharacterString>
                      </postalCode>
                      <electronicMailAddress>
                        <gco:CharacterString>brannerlibrary@stanford.edu</gco:CharacterString>
                      </electronicMailAddress>
                    </CI_Address>
                  </address>
                </CI_Contact>
              </contactInfo>
              <role>
                <CI_RoleCode codeList="http://www.isotc211.org/2005/resources/Codelist/gmxCodelists.xml#CI_RoleCode" codeListValue="distributor" codeSpace="ISOTC211/19115">distributor</CI_RoleCode>
              </role>
            </CI_ResponsibleParty>
          </distributorContact>
        </MD_Distributor>
      </distributor>
      <transferOptions>
        <MD_DigitalTransferOptions>
          <onLine>
            <CI_OnlineResource>
              <linkage>
                <URL>http://purl.stanford.edu/jb752mv4420</URL>
              </linkage>
              <protocol>
                <gco:CharacterString>http</gco:CharacterString>
              </protocol>
              <name>
                <gco:CharacterString>cp8110if_04</gco:CharacterString>
              </name>
              <function>
                <CI_OnLineFunctionCode codeList="http://www.isotc211.org/2005/resources/Codelist/gmxCodelists.xml#CI_OnLineFunctionCode" codeListValue="download" codeSpace="ISOTC211/19115">download</CI_OnLineFunctionCode>
              </function>
            </CI_OnlineResource>
          </onLine>
        </MD_DigitalTransferOptions>
      </transferOptions>
    </MD_Distribution>
  </distributionInfo>
  <dataQualityInfo>
    <DQ_DataQuality>
      <scope gco:nilReason="missing"/>
      <lineage>
        <LI_Lineage>
          <processStep>
            <LI_ProcessStep>
              <description>
                <gco:CharacterString>It is beyond the scope of this metadata to document the processes involved in generating spatially gridded precipitation using the PRISM  model. However, the processes are documented in numerous conference  proceedings and journal articles. The references can be found online at  &lt;URL:http://www.ocs.orst.edu/prism/prism_new.html&gt;.</gco:CharacterString>
              </description>
              <processor>
                <CI_ResponsibleParty>
                  <individualName>
                    <gco:CharacterString>Patterson, Will</gco:CharacterString>
                  </individualName>
                  <organisationName>
                    <gco:CharacterString>California. Department of Fish and Wildlife</gco:CharacterString>
                  </organisationName>
                  <positionName>
                    <gco:CharacterString>GIS Specialist/Data Manager</gco:CharacterString>
                  </positionName>
                  <contactInfo>
                    <CI_Contact>
                      <phone>
                        <CI_Telephone>
                          <voice>
                            <gco:CharacterString>916-323-1484</gco:CharacterString>
                          </voice>
                        </CI_Telephone>
                      </phone>
                      <address>
                        <CI_Address>
                          <deliveryPoint>
                            <gco:CharacterString>1807 13th St., Ste. 202</gco:CharacterString>
                          </deliveryPoint>
                          <city>
                            <gco:CharacterString>Sacramento</gco:CharacterString>
                          </city>
                          <administrativeArea>
                            <gco:CharacterString>CA</gco:CharacterString>
                          </administrativeArea>
                          <postalCode>
                            <gco:CharacterString>95811</gco:CharacterString>
                          </postalCode>
                          <country>
                            <gco:CharacterString>US</gco:CharacterString>
                          </country>
                          <electronicMailAddress>
                            <gco:CharacterString>Will.Patterson@wildlife.ca.gov</gco:CharacterString>
                          </electronicMailAddress>
                          <electronicMailAddress>
                            <gco:CharacterString>bdb@wildlife.ca.gov</gco:CharacterString>
                          </electronicMailAddress>
                        </CI_Address>
                      </address>
                      <contactInstructions>
                        <gco:CharacterString>Email is preferred contact method.</gco:CharacterString>
                      </contactInstructions>
                    </CI_Contact>
                  </contactInfo>
                  <role>
                    <CI_RoleCode codeList="http://www.isotc211.org/2005/resources/Codelist/gmxCodelists.xml#CI_RoleCode" codeListValue="processor" codeSpace="ISOTC211/19115">processor</CI_RoleCode>
                  </role>
                </CI_ResponsibleParty>
              </processor>
            </LI_ProcessStep>
          </processStep>
          <processStep>
            <LI_ProcessStep>
              <description>
                <gco:CharacterString>Downloaded data and metadata from ( http://www.ocs.oregonstate.edu/prism/index.phtml ).  Converted to ESRI grid format.  Calculated value attribute by dividing original PRISM value by 100 (was originally mm * 100).  Added/calculated mm and inches attributes.  Changed datum reference from WGS72 to NAD83 (did not physically shift the data, just changed the definition for easier compatibility with other NAD83 datasets - minor difference between WGS72 and NAD83 given the scale of the data).</gco:CharacterString>
              </description>
              <dateTime>
                <gco:DateTime>2006-10-01T00:00:00</gco:DateTime>
              </dateTime>
              <processor>
                <CI_ResponsibleParty>
                  <individualName>
                    <gco:CharacterString>Patterson, Will</gco:CharacterString>
                  </individualName>
                  <organisationName>
                    <gco:CharacterString>California. Department of Fish and Wildlife</gco:CharacterString>
                  </organisationName>
                  <positionName>
                    <gco:CharacterString>GIS Specialist/Data Manager</gco:CharacterString>
                  </positionName>
                  <contactInfo>
                    <CI_Contact>
                      <phone>
                        <CI_Telephone>
                          <voice>
                            <gco:CharacterString>916-323-1484</gco:CharacterString>
                          </voice>
                        </CI_Telephone>
                      </phone>
                      <address>
                        <CI_Address>
                          <deliveryPoint>
                            <gco:CharacterString>1807 13th St., Ste. 202</gco:CharacterString>
                          </deliveryPoint>
                          <city>
                            <gco:CharacterString>Sacramento</gco:CharacterString>
                          </city>
                          <administrativeArea>
                            <gco:CharacterString>CA</gco:CharacterString>
                          </administrativeArea>
                          <postalCode>
                            <gco:CharacterString>95811</gco:CharacterString>
                          </postalCode>
                          <country>
                            <gco:CharacterString>US</gco:CharacterString>
                          </country>
                          <electronicMailAddress>
                            <gco:CharacterString>Will.Patterson@wildlife.ca.gov</gco:CharacterString>
                          </electronicMailAddress>
                          <electronicMailAddress>
                            <gco:CharacterString>bdb@wildlife.ca.gov</gco:CharacterString>
                          </electronicMailAddress>
                        </CI_Address>
                      </address>
                      <contactInstructions>
                        <gco:CharacterString>Email is preferred contact method.</gco:CharacterString>
                      </contactInstructions>
                    </CI_Contact>
                  </contactInfo>
                  <role>
                    <CI_RoleCode codeList="http://www.isotc211.org/2005/resources/Codelist/gmxCodelists.xml#CI_RoleCode" codeListValue="processor" codeSpace="ISOTC211/19115">processor</CI_RoleCode>
                  </role>
                </CI_ResponsibleParty>
              </processor>
            </LI_ProcessStep>
          </processStep>
          <processStep>
            <LI_ProcessStep>
              <description>
                <gco:CharacterString>The original data set covered the United States.  This is a California-only version subsetted from the original data set and converted to California Teale Albers NAD83 using bilinear interpolation by the California Department of Fish and Game.  Adapted DFG version of metadata from previously downloaded source metadata.  Portions of this metadata document may refer to the original United States version.</gco:CharacterString>
              </description>
              <dateTime>
                <gco:DateTime>2007-03-01T00:00:00</gco:DateTime>
              </dateTime>
              <processor>
                <CI_ResponsibleParty>
                  <individualName>
                    <gco:CharacterString>Patterson, Will</gco:CharacterString>
                  </individualName>
                  <organisationName>
                    <gco:CharacterString>California. Department of Fish and Wildlife</gco:CharacterString>
                  </organisationName>
                  <positionName>
                    <gco:CharacterString>GIS Specialist/Data Manager</gco:CharacterString>
                  </positionName>
                  <contactInfo>
                    <CI_Contact>
                      <phone>
                        <CI_Telephone>
                          <voice>
                            <gco:CharacterString>916-323-1484</gco:CharacterString>
                          </voice>
                        </CI_Telephone>
                      </phone>
                      <address>
                        <CI_Address>
                          <deliveryPoint>
                            <gco:CharacterString>1807 13th St., Ste. 202</gco:CharacterString>
                          </deliveryPoint>
                          <city>
                            <gco:CharacterString>Sacramento</gco:CharacterString>
                          </city>
                          <administrativeArea>
                            <gco:CharacterString>CA</gco:CharacterString>
                          </administrativeArea>
                          <postalCode>
                            <gco:CharacterString>95811</gco:CharacterString>
                          </postalCode>
                          <country>
                            <gco:CharacterString>US</gco:CharacterString>
                          </country>
                          <electronicMailAddress>
                            <gco:CharacterString>Will.Patterson@wildlife.ca.gov</gco:CharacterString>
                          </electronicMailAddress>
                          <electronicMailAddress>
                            <gco:CharacterString>bdb@wildlife.ca.gov</gco:CharacterString>
                          </electronicMailAddress>
                        </CI_Address>
                      </address>
                      <contactInstructions>
                        <gco:CharacterString>Email is preferred contact method.</gco:CharacterString>
                      </contactInstructions>
                    </CI_Contact>
                  </contactInfo>
                  <role>
                    <CI_RoleCode codeList="http://www.isotc211.org/2005/resources/Codelist/gmxCodelists.xml#CI_RoleCode" codeListValue="processor" codeSpace="ISOTC211/19115">processor</CI_RoleCode>
                  </role>
                </CI_ResponsibleParty>
              </processor>
            </LI_ProcessStep>
          </processStep>
        </LI_Lineage>
      </lineage>
    </DQ_DataQuality>
  </dataQualityInfo>
</MD_Metadata>
